{
  "header_types" : [
    {
      "name" : "scalars_0",
      "id" : 0,
      "fields" : []
    },
    {
      "name" : "standard_metadata",
      "id" : 1,
      "fields" : [
        ["ingress_port", 9, false],
        ["egress_spec", 9, false],
        ["egress_port", 9, false],
        ["instance_type", 32, false],
        ["packet_length", 32, false],
        ["enq_timestamp", 32, false],
        ["enq_qdepth", 19, false],
        ["deq_timedelta", 32, false],
        ["deq_qdepth", 19, false],
        ["ingress_global_timestamp", 48, false],
        ["egress_global_timestamp", 48, false],
        ["mcast_grp", 16, false],
        ["egress_rid", 16, false],
        ["checksum_error", 1, false],
        ["parser_error", 32, false],
        ["priority", 3, false],
        ["_padding", 3, false]
      ]
    },
    {
      "name" : "ethernet_t",
      "id" : 2,
      "fields" : [
        ["dstAddr", 48, false],
        ["srcAddr", 48, false],
        ["etherType", 16, false]
      ]
    },
    {
      "name" : "ipv4_t",
      "id" : 3,
      "fields" : [
        ["version", 4, false],
        ["ihl", 4, false],
        ["diffserv", 8, false],
        ["totalLen", 16, false],
        ["identification", 16, false],
        ["flags", 3, false],
        ["fragOffset", 13, false],
        ["ttl", 8, false],
        ["protocol", 8, false],
        ["hdrChecksum", 16, false],
        ["srcAddr", 32, false],
        ["dstAddr", 32, false]
      ]
    }
  ],
  "headers" : [
    {
      "name" : "scalars",
      "id" : 0,
      "header_type" : "scalars_0",
      "metadata" : true,
      "pi_omit" : true
    },
    {
      "name" : "standard_metadata",
      "id" : 1,
      "header_type" : "standard_metadata",
      "metadata" : true,
      "pi_omit" : true
    },
    {
      "name" : "ethernet",
      "id" : 2,
      "header_type" : "ethernet_t",
      "metadata" : false,
      "pi_omit" : true
    },
    {
      "name" : "ipv4",
      "id" : 3,
      "header_type" : "ipv4_t",
      "metadata" : false,
      "pi_omit" : true
    }
  ],
  "header_stacks" : [],
  "header_union_types" : [],
  "header_unions" : [],
  "header_union_stacks" : [],
  "field_lists" : [],
  "errors" : [
    ["NoError", 0],
    ["PacketTooShort", 1],
    ["NoMatch", 2],
    ["StackOutOfBounds", 3],
    ["HeaderTooShort", 4],
    ["ParserTimeout", 5],
    ["ParserInvalidArgument", 6]
  ],
  "enums" : [],
  "parsers" : [
    {
      "name" : "parser",
      "id" : 0,
      "init_state" : "start",
      "parse_states" : [
        {
          "name" : "start",
          "id" : 0,
          "parser_ops" : [
            {
              "parameters" : [
                {
                  "type" : "regular",
                  "value" : "ethernet"
                }
              ],
              "op" : "extract"
            }
          ],
          "transitions" : [
            {
              "type" : "hexstr",
              "value" : "0x0800",
              "mask" : null,
              "next_state" : "ipv4"
            },
            {
              "value" : "default",
              "mask" : null,
              "next_state" : null
            }
          ],
          "transition_key" : [
            {
              "type" : "field",
              "value" : ["ethernet", "etherType"]
            }
          ]
        },
        {
          "name" : "ipv4",
          "id" : 1,
          "parser_ops" : [
            {
              "parameters" : [
                {
                  "type" : "regular",
                  "value" : "ipv4"
                }
              ],
              "op" : "extract"
            }
          ],
          "transitions" : [
            {
              "value" : "default",
              "mask" : null,
              "next_state" : null
            }
          ],
          "transition_key" : []
        }
      ]
    }
  ],
  "parse_vsets" : [],
  "deparsers" : [
    {
      "name" : "deparser",
      "id" : 0,
      "source_info" : {
        "filename" : "basic.p4",
        "line" : 174,
        "column" : 8,
        "source_fragment" : "MyDeparser"
      },
      "order" : ["ethernet", "ipv4"],
      "primitives" : []
    }
  ],
  "meter_arrays" : [],
  "counter_arrays" : [],
  "register_arrays" : [],
  "calculations" : [
    {
      "name" : "calc",
      "id" : 0,
      "source_info" : {
        "filename" : "basic.p4",
        "line" : 151,
        "column" : 1,
        "source_fragment" : "update_checksum( ..."
      },
      "algo" : "csum16",
      "input" : [
        {
          "type" : "field",
          "value" : ["ipv4", "version"]
        },
        {
          "type" : "field",
          "value" : ["ipv4", "ihl"]
        },
        {
          "type" : "field",
          "value" : ["ipv4", "diffserv"]
        },
        {
          "type" : "field",
          "value" : ["ipv4", "totalLen"]
        },
        {
          "type" : "field",
          "value" : ["ipv4", "identification"]
        },
        {
          "type" : "field",
          "value" : ["ipv4", "flags"]
        },
        {
          "type" : "field",
          "value" : ["ipv4", "fragOffset"]
        },
        {
          "type" : "field",
          "value" : ["ipv4", "ttl"]
        },
        {
          "type" : "field",
          "value" : ["ipv4", "protocol"]
        },
        {
          "type" : "field",
          "value" : ["ipv4", "srcAddr"]
        },
        {
          "type" : "field",
          "value" : ["ipv4", "dstAddr"]
        }
      ]
    }
  ],
  "learn_lists" : [],
  "actions" : [
    {
      "name" : "NoAction",
      "id" : 0,
      "runtime_data" : [],
      "primitives" : []
    },
    {
      "name" : "MyIngress.drop",
      "id" : 1,
      "runtime_data" : [],
      "primitives" : [
        {
          "op" : "mark_to_drop",
          "parameters" : [
            {
              "type" : "header",
              "value" : "standard_metadata"
            }
          ],
          "source_info" : {
            "filename" : "basic.p4",
            "line" : 93,
            "column" : 8,
            "source_fragment" : "mark_to_drop(standard_metadata)"
          }
        }
      ]
    },
    {
      "name" : "MyIngress.ipv4_forward",
      "id" : 2,
      "runtime_data" : [
        {
          "name" : "dstAddr",
          "bitwidth" : 48
        },
        {
          "name" : "port",
          "bitwidth" : 9
        }
      ],
      "primitives" : [
        {
          "op" : "assign",
          "parameters" : [
            {
              "type" : "field",
              "value" : ["ethernet", "srcAddr"]
            },
            {
              "type" : "field",
              "value" : ["ethernet", "dstAddr"]
            }
          ],
          "source_info" : {
            "filename" : "basic.p4",
            "line" : 99,
            "column" : 8,
            "source_fragment" : "hdr.ethernet.srcAddr = hdr.ethernet.dstAddr"
          }
        },
        {
          "op" : "assign",
          "parameters" : [
            {
              "type" : "field",
              "value" : ["ethernet", "dstAddr"]
            },
            {
              "type" : "runtime_data",
              "value" : 0
            }
          ],
          "source_info" : {
            "filename" : "basic.p4",
            "line" : 102,
            "column" : 8,
            "source_fragment" : "hdr.ethernet.dstAddr = dstAddr"
          }
        },
        {
          "op" : "assign",
          "parameters" : [
            {
              "type" : "field",
              "value" : ["standard_metadata", "egress_spec"]
            },
            {
              "type" : "runtime_data",
              "value" : 1
            }
          ],
          "source_info" : {
            "filename" : "basic.p4",
            "line" : 105,
            "column" : 8,
            "source_fragment" : "standard_metadata.egress_spec = port"
          }
        },
        {
          "op" : "assign",
          "parameters" : [
            {
              "type" : "field",
              "value" : ["ipv4", "ttl"]
            },
            {
              "type" : "expression",
              "value" : {
                "type" : "expression",
                "value" : {
                  "op" : "&",
                  "left" : {
                    "type" : "expression",
                    "value" : {
                      "op" : "+",
                      "left" : {
                        "type" : "field",
                        "value" : ["ipv4", "ttl"]
                      },
                      "right" : {
                        "type" : "hexstr",
                        "value" : "0xff"
                      }
                    }
                  },
                  "right" : {
                    "type" : "hexstr",
                    "value" : "0xff"
                  }
                }
              }
            }
          ],
          "source_info" : {
            "filename" : "basic.p4",
            "line" : 108,
            "column" : 8,
            "source_fragment" : "hdr.ipv4.ttl = hdr.ipv4.ttl -1"
          }
        }
      ]
    }
  ],
  "pipelines" : [
    {
      "name" : "ingress",
      "id" : 0,
      "source_info" : {
        "filename" : "basic.p4",
        "line" : 88,
        "column" : 8,
        "source_fragment" : "MyIngress"
      },
      "init_table" : "node_2",
      "tables" : [
        {
          "name" : "MyIngress.ipv4_lpm",
          "id" : 0,
          "source_info" : {
            "filename" : "basic.p4",
            "line" : 112,
            "column" : 10,
            "source_fragment" : "ipv4_lpm"
          },
          "key" : [
            {
              "match_type" : "exact",
              "name" : "hdr.ipv4.dstAddr",
              "target" : ["ipv4", "dstAddr"],
              "mask" : null
            }
          ],
          "match_type" : "exact",
          "type" : "simple",
          "max_size" : 1024,
          "with_counters" : false,
          "support_timeout" : false,
          "direct_meters" : null,
          "action_ids" : [2, 1, 0],
          "actions" : ["MyIngress.ipv4_forward", "MyIngress.drop", "NoAction"],
          "base_default_next" : null,
          "next_tables" : {
            "MyIngress.ipv4_forward" : null,
            "MyIngress.drop" : null,
            "NoAction" : null
          },
          "default_entry" : {
            "action_id" : 0,
            "action_const" : false,
            "action_data" : [],
            "action_entry_const" : false
          }
        }
      ],
      "action_profiles" : [],
      "conditionals" : [
        {
          "name" : "node_2",
          "id" : 0,
          "source_info" : {
            "filename" : "basic.p4",
            "line" : 128,
            "column" : 12,
            "source_fragment" : "hdr.ipv4.isValid()"
          },
          "expression" : {
            "type" : "expression",
            "value" : {
              "op" : "d2b",
              "left" : null,
              "right" : {
                "type" : "field",
                "value" : ["ipv4", "$valid$"]
              }
            }
          },
          "false_next" : null,
          "true_next" : "MyIngress.ipv4_lpm"
        }
      ]
    },
    {
      "name" : "egress",
      "id" : 1,
      "source_info" : {
        "filename" : "basic.p4",
        "line" : 139,
        "column" : 8,
        "source_fragment" : "MyEgress"
      },
      "init_table" : null,
      "tables" : [],
      "action_profiles" : [],
      "conditionals" : []
    }
  ],
  "checksums" : [
    {
      "name" : "cksum",
      "id" : 0,
      "source_info" : {
        "filename" : "basic.p4",
        "line" : 151,
        "column" : 1,
        "source_fragment" : "update_checksum( ..."
      },
      "target" : ["ipv4", "hdrChecksum"],
      "type" : "generic",
      "calculation" : "calc",
      "verify" : false,
      "update" : true,
      "if_cond" : {
        "type" : "expression",
        "value" : {
          "op" : "d2b",
          "left" : null,
          "right" : {
            "type" : "field",
            "value" : ["ipv4", "$valid$"]
          }
        }
      }
    }
  ],
  "force_arith" : [],
  "extern_instances" : [],
  "field_aliases" : [
    [
      "queueing_metadata.enq_timestamp",
      ["standard_metadata", "enq_timestamp"]
    ],
    [
      "queueing_metadata.enq_qdepth",
      ["standard_metadata", "enq_qdepth"]
    ],
    [
      "queueing_metadata.deq_timedelta",
      ["standard_metadata", "deq_timedelta"]
    ],
    [
      "queueing_metadata.deq_qdepth",
      ["standard_metadata", "deq_qdepth"]
    ],
    [
      "intrinsic_metadata.ingress_global_timestamp",
      ["standard_metadata", "ingress_global_timestamp"]
    ],
    [
      "intrinsic_metadata.egress_global_timestamp",
      ["standard_metadata", "egress_global_timestamp"]
    ],
    [
      "intrinsic_metadata.mcast_grp",
      ["standard_metadata", "mcast_grp"]
    ],
    [
      "intrinsic_metadata.egress_rid",
      ["standard_metadata", "egress_rid"]
    ],
    [
      "intrinsic_metadata.priority",
      ["standard_metadata", "priority"]
    ]
  ],
  "program" : "./basic.p4i",
  "__meta__" : {
    "version" : [2, 18],
    "compiler" : "https://github.com/p4lang/p4c"
  }
}